<?xml version="1.0" encoding="UTF-8"?><rss version="2.0"
	xmlns:content="http://purl.org/rss/1.0/modules/content/"
	xmlns:wfw="http://wellformedweb.org/CommentAPI/"
	xmlns:dc="http://purl.org/dc/elements/1.1/"
	xmlns:atom="http://www.w3.org/2005/Atom"
	xmlns:sy="http://purl.org/rss/1.0/modules/syndication/"
	xmlns:slash="http://purl.org/rss/1.0/modules/slash/"
	>

<channel>
	<title>Senza categoria Archivi - venerdi10</title>
	<atom:link href="http://venerdi10.test/category/senza-categoria/feed/" rel="self" type="application/rss+xml" />
	<link>http://venerdi10.test/category/senza-categoria/</link>
	<description></description>
	<lastBuildDate>Fri, 10 Mar 2023 08:42:35 +0000</lastBuildDate>
	<language>it-IT</language>
	<sy:updatePeriod>
	hourly	</sy:updatePeriod>
	<sy:updateFrequency>
	1	</sy:updateFrequency>
	<generator>https://wordpress.org/?v=6.1.1</generator>
	<item>
		<title>Ciao mondo!</title>
		<link>http://venerdi10.test/2023/03/10/ciao-mondo/</link>
					<comments>http://venerdi10.test/2023/03/10/ciao-mondo/#comments</comments>
		
		<dc:creator><![CDATA[dorin]]></dc:creator>
		<pubDate>Fri, 10 Mar 2023 08:42:35 +0000</pubDate>
				<category><![CDATA[Senza categoria]]></category>
		<guid isPermaLink="false">http://venerdi10.test/?p=1</guid>

					<description><![CDATA[<p>Ti diamo il benvenuto in WordPress. Questo è il tuo primo articolo. Modificalo o eliminalo e quindi inizia a scrivere!</p>
<p>L'articolo <a rel="nofollow" href="http://venerdi10.test/2023/03/10/ciao-mondo/">Ciao mondo!</a> proviene da <a rel="nofollow" href="http://venerdi10.test/">venerdi10</a>.</p>
]]></description>
										<content:encoded><![CDATA[
<p>Ti diamo il benvenuto in WordPress. Questo è il tuo primo articolo. Modificalo o eliminalo e quindi inizia a scrivere!</p>
<p>L'articolo <a rel="nofollow" href="http://venerdi10.test/2023/03/10/ciao-mondo/">Ciao mondo!</a> proviene da <a rel="nofollow" href="http://venerdi10.test/">venerdi10</a>.</p>
]]></content:encoded>
					
					<wfw:commentRss>http://venerdi10.test/2023/03/10/ciao-mondo/feed/</wfw:commentRss>
			<slash:comments>1</slash:comments>
		
		
			</item>
	</channel>
</rss>
